DATE,County Name,HAIL SIZE (INCHES),BEGIN_LOCATION,BEGIN_TIME,INJURIES_DIRECT,DAMAGE_PROPERTY_NUM,DAMAGE_CROPS_NUM,CZ_TIMEZONE,MAGNITUDE_TYPE,CZ_FIPS,WFO,SOURCE,FLOOD_CAUSE,TOR_LENGTH,TOR_WIDTH,BEGIN_RANGE,BEGIN_AZIMUTH,END_RANGE,END_AZIMUTH,END_LOCATION,END_TIME,BEGIN_LAT,BEGIN_LON
6/7/1962,MIAMI-DADE CO.,1,KENDALL,1449,0,0,0,EST-5,,86,MFL,Public,,,,1,ESE,1,ESE,KENDALL,1449,25.67,-80.3
3/29/1963,PALM BEACH CO.,1,TEQUESTA,1515,0,0,0,EST-5,,99,MFL,NWS Employee,,,,3,SSW,3,SSW,TEQUESTA,1515,26.86,-80.11
7/21/1963,PALM BEACH CO.,1,FLORIDA GARDENS,1741,0,0,0,EST-5,,99,MFL,Public,,,,4,W,4,W,FLORIDA GARDENS,1741,26.61,-80.19
6/9/1964,PALM BEACH CO.,1,FLORIDA GARDENS,1747,0,0,0,EST-5,,99,MFL,Public,,,,2,SSW,2,SSW,FLORIDA GARDENS,1747,26.59,-80.15
4/24/1969,BROWARD CO.,1,DAVIE,1645,0,0,0,EST-5,,11,MFL,Public,,,,1,E,1,E,DAVIE,1645,26.07,-80.22
4/26/1971,BROWARD CO.,1,DAVIE,1648,0,0,0,EST-5,,11,MFL,Public,,,,2,SW,2,SW,DAVIE,1648,26.05,-80.25
5/20/1972,PALM BEACH CO.,1,WESTGATE,1520,0,0,0,EST-5,,99,MFL,Trained Spotter,,,,1,WNW,1,WNW,WESTGATE,1530,26.71,-80.1
5/5/1974,BROWARD CO.,1,CORAL SPGS,1505,0,0,0,EST-5,,11,MFL,Trained Spotter,,,,4,NW,4,NW,CORAL SPGS,1505,26.3138,-80.2528
7/21/1974,COLLIER CO.,1,IMMOKALEE,1620,0,0,0,EST-5,,21,MFL,Broadcast Media,,,,1,W,1,W,IMMOKALEE,1620,26.42,-81.44
5/9/1975,BROWARD CO.,1,WEST HOLLYWOOD,1207,0,0,0,EST-5,,11,MFL,Emergency Manager,,,,1,NE,1,NE,WEST HOLLYWOOD,1207,26.03,-80.19
6/17/1975,PALM BEACH CO.,1,SEMINOLE MANOR,1300,0,0,0,EST-5,,99,MFL,Public,,,,1,N,1,N,SEMINOLE MANOR,1300,26.6084,-80.0716
7/4/1975,PALM BEACH CO.,1,OCEAN RIDGE,1325,0,0,0,EST-5,,99,MFL,Public,,,,3,W,3,W,OCEAN RIDGE,1325,26.5131,-80.0902
9/17/1976,PALM BEACH CO.,1,JUPITER,1545,0,0,0,EST-5,,99,MFL,Trained Spotter,,,,6,W,6,W,JUPITER,1545,26.93,-80.19
4/19/1980,PALM BEACH CO.,1,PALM BEACH GARDENS,1235,0,0,0,EST-5,,99,MFL,Trained Spotter,,,,1,NNW,1,NNW,PALM BEACH GARDENS,1237,26.8082,-80.0738
4/19/1980,COLLIER CO.,1,NAPLES PARK,1638,0,500,0,EST-5,,21,MFL,Public,,,,1,ENE,1,ENE,NAPLES PARK,1638,26.2744,-81.7827
4/19/1980,MIAMI-DADE CO.,1,PENNSUCO,1408,0,0,0,EST-5,,86,MFL,Public,,,,1,E,1,E,PENNSUCO,1408,25.88,-80.35
5/20/1981,PALM BEACH CO.,1,WELLINGTON,1544,0,0,0,EST-5,,99,MFL,Public,,,,2,SW,2,SW,WELLINGTON,1544,26.65,-80.28
2/10/1982,PALM BEACH CO.,1,JUPITER,1635,0,0,0,EST-5,,99,MFL,Public,,,,6,W,6,W,JUPITER,1635,26.94,-80.2
2/10/1983,HENDRY CO.,1,LA BELLE,1444,0,0,0,EST-5,,51,MFL,Fire Department/Rescue,,,,1,NW,1,NW,LA BELLE,1444,26.76,-81.44
2/11/1983,HENDRY CO.,1,DEVILS GARDEN,1500,0,0,0,EST-5,,51,MFL,Emergency Manager,,,,7,ENE,7,ENE,DEVILS GARDEN,1500,26.77,-81.27
6/18/1983,MIAMI-DADE CO.,1,MIAMI NEW TAMIAMI AR,1726,0,0,0,EST-5,,86,MFL,Trained Spotter,,,,2,SSW,2,SSW,MIAMI NEW TAMIAMI AR,1726,25.6232,-80.4401
6/18/1983,MIAMI-DADE CO.,1,MIAMI NEW TAMIAMI AR,1727,0,0,0,EST-5,,86,MFL,Amateur Radio,,,,3,S,3,S,MIAMI NEW TAMIAMI AR,1727,25.6112,-80.4278
6/18/1983,MIAMI-DADE CO.,1,RICHMOND HGTS,1732,0,0,0,EST-5,,86,MFL,Trained Spotter,,,,1,NNE,1,NNE,RICHMOND HGTS,1732,25.643,-80.3671
6/18/1983,MIAMI-DADE CO.,1,MIAMI NEW TAMIAMI AR,1743,0,0,0,EST-5,,86,MFL,Trained Spotter,,,,3,ENE,3,ENE,MIAMI NEW TAMIAMI AR,1743,25.6668,-80.3915
6/18/1983,MIAMI-DADE CO.,1,WESTWOOD LAKES,1755,0,0,0,EST-5,,86,MFL,Trained Spotter,,,,2,SSE,2,SSE,WESTWOOD LAKES,1755,25.71,-80.37
6/24/1983,MIAMI-DADE CO.,1,KENDALL,1757,0,0,0,EST-5,,86,MFL,Trained Spotter,,,,1,WNW,1,WNW,KENDALL,1757,25.69,-80.34
7/18/1983,MIAMI-DADE CO.,1,HOMESTEAD GEN AVN AR,1805,0,0,0,EST-5,,86,MFL,NWS Employee,,,,29,NW,29,NW,HOMESTEAD GEN AVN AR,1805,25.8011,-80.869
8/28/1983,HENDRY CO.,1,KERI,1845,0,0,0,EST-5,,51,MFL,Trained Spotter,,,,5,NW,5,NW,KERI,1845,26.64,-81.43
8/28/1983,MIAMI-DADE CO.,1,PALM SPGS NORTH,1635,0,0,0,EST-5,,86,MFL,Public,,,,1,WSW,1,WSW,PALM SPGS NORTH,1635,25.92,-80.34
8/28/1983,PALM BEACH CO.,1,WESTGATE,1440,0,0,0,EST-5,,99,MFL,Trained Spotter,,,,1,SE,1,SE,WESTGATE,1440,26.69,-80.07
4/9/1984,BROWARD CO.,1,DAVIE,1710,0,0,0,EST-5,,11,MFL,Public,,,,2,NNW,2,NNW,DAVIE,1710,26.1,-80.25
4/13/1984,PALM BEACH CO.,1,WELLINGTON,1424,0,0,0,EST-5,,99,MFL,Public,,,,8,N,8,N,WELLINGTON,1424,26.79,-80.23
5/16/1984,BROWARD CO.,1,CORAL SPGS,1255,0,0,0,EST-5,,11,MFL,Social Media,,,,3,WSW,3,WSW,CORAL SPGS,1255,26.25,-80.27
5/20/1985,BROWARD CO.,1,CORAL SPGS,1305,0,0,0,EST-5,,11,MFL,Social Media,,,,4,W,4,W,CORAL SPGS,1305,26.28,-80.28
5/26/1985,MIAMI-DADE CO.,1,PENNSUCO,1230,0,0,0,EST-5,,86,MFL,Trained Spotter,,,,2,NNW,2,NNW,PENNSUCO,1230,25.91,-80.38
5/26/1985,PALM BEACH CO.,1,WELLINGTON,1205,0,0,0,EST-5,,99,MFL,Broadcast Media,,,,9,N,9,N,WELLINGTON,1205,26.7938,-80.2621
5/26/1985,PALM BEACH CO.,1,PALM BEACH GARDENS,1208,0,0,0,EST-5,,99,MFL,Broadcast Media,,,,3,NW,3,NW,PALM BEACH GARDENS,1208,26.8309,-80.1015
7/9/1985,PALM BEACH CO.,1,PALM BEACH GARDENS,1208,0,0,0,EST-5,,99,MFL,Public,,,,0,SSW,0,SSW,PALM BEACH GARDENS,1208,26.7973,-80.0716
7/9/1985,MIAMI-DADE CO.,1,PINEWOOD,1442,0,0,0,EST-5,,86,MFL,Public,,,,1,NNW,1,NNW,PINEWOOD,1442,25.8609,-80.2341
3/10/1986,PALM BEACH CO.,1,WELLINGTON,1437,0,0,0,EST-5,,99,MFL,Trained Spotter,,,,1,W,1,W,WELLINGTON,1437,26.67,-80.26
3/10/1986,COLLIER CO.,1,GOLDEN GATE,1425,0,0,0,EST-5,,21,MFL,Social Media,,,,6,ESE,6,ESE,GOLDEN GATE,1425,26.15,-81.58
3/15/1986,BROWARD CO.,1,MIRAMAR,1756,0,0,0,EST-5,,11,MFL,Public,,,,3,E,3,E,MIRAMAR,1756,26.0071,-80.3561
3/15/1986,HENDRY CO.,1,LA BELLE,1735,0,0,0,EST-5,,51,MFL,Social Media,,,,1,NW,1,NW,LA BELLE,1735,26.76,-81.44
3/26/1986,PALM BEACH CO.,1,LOXAHATCHEE,1605,0,0,0,EST-5,,99,MFL,Trained Spotter,,,,5,NNE,5,NNE,LOXAHATCHEE,1605,26.74,-80.31
3/26/1986,PALM BEACH CO.,1,(PBI)PALM BEACH ARPT,1520,0,0,0,EST-5,,99,MFL,Broadcast Media,,,,4,NW,4,NW,(PBI)PALM BEACH ARPT,1520,26.71,-80.2
3/26/1986,BROWARD CO.,1,LAUDERDALE LAKES,1425,0,0,0,EST-5,,11,MFL,Social Media,,,,8,W,8,W,LAUDERDALE LAKES,1425,26.1617,-80.3227
5/21/1986,COLLIER CO.,1,IMMOKALEE ARPT,1500,0,0,0,EST-5,,21,MFL,Social Media,,,,1,S,1,S,IMMOKALEE ARPT,1500,26.41,-81.4
7/6/1986,HENDRY CO.,1,DENAUD,1525,0,0,0,EST-5,,51,MFL,Broadcast Media,,,,1,NE,1,NE,DENAUD,1525,26.74,-81.49
4/11/1989,BROWARD CO.,1,HOLLYWOOD N PERRY AR,1655,0,0,0,EST-5,,11,MFL,Public,,,,5,W,5,W,HOLLYWOOD N PERRY AR,1655,26.01,-80.31
5/15/1989,BROWARD CO.,1,DAVIE,1545,0,0,0,EST-5,,11,MFL,Trained Spotter,,,,2,N,2,N,DAVIE,1545,26.0945,-80.235
5/24/1989,HENDRY CO.,1,KERI,1522,0,0,0,EST-5,,51,MFL,Public,,,,28,SE,28,SE,KERI,1522,26.32,-81.05
5/24/1989,BROWARD CO.,1,MIRAMAR,1303,0,0,0,EST-5,,11,MFL,Broadcast Media,,,,3,ESE,3,ESE,MIRAMAR,1303,25.98,-80.35
6/17/1991,BROWARD CO.,1,MIRAMAR,1438,0,0,0,EST-5,,11,MFL,NWS Employee,,,,4,E,4,E,MIRAMAR,1438,26.01,-80.34
7/25/1991,MIAMI-DADE CO.,1,WESTWOOD LAKES,1505,0,0,0,EST-5,,86,MFL,Trained Spotter,,,,1,E,1,E,WESTWOOD LAKES,1507,25.7321,-80.3678
7/26/1991,MIAMI-DADE CO.,1,WESTWOOD LAKES,1509,0,0,0,EST-5,,86,MFL,Trained Spotter,,,,1,SSE,1,SSE,WESTWOOD LAKES,1509,25.7154,-80.371
3/25/1992,MIAMI-DADE CO.,1,WESTWOOD LAKES,1515,0,0,0,EST-5,,86,MFL,Trained Spotter,,,,3,SW,3,SW,WESTWOOD LAKES,1515,25.6932,-80.4096
3/25/1992,MIAMI-DADE CO.,1,WESTWOOD LAKES,1523,0,0,0,EST-5,,86,MFL,Social Media,,,,2,SSW,2,SSW,WESTWOOD LAKES,1524,25.7,-80.4
1/16/1993,GLADES CO.,1,LAKEPORT,1410,0,0,0,EST-5,,43,MFL,Law Enforcement,,,,9,NNE,9,NNE,LAKEPORT,1412,27.0878,-81.0717
3/18/1995,PALM BEACH CO.,1,BOCA RATON,1350,0,0,0,EST-5,,99,MFL,Public,,,,7,WNW,7,WNW,BOCA RATON,1405,26.39,-80.19
7/2/1995,PALM BEACH CO.,1,OCEAN RIDGE,1451,0,0,0,EST-5,,99,MFL,Public,,,,5,W,5,W,OCEAN RIDGE,1451,26.528,-80.1355
7/5/1995,BROWARD CO.,1,MIRAMAR,1440,0,0,0,EST-5,,11,MFL,NWS Employee,,,,1,N,1,N,MIRAMAR,1440,26.0188,-80.3993
3/31/1996,BROWARD CO.,1,MIRAMAR,1445,0,0,0,EST-5,,11,MFL,Public,,,,2,NNE,2,NNE,MIRAMAR,1445,26.0283,-80.392
3/31/1996,MIAMI-DADE CO.,1,HIALEAH,1444,0,0,0,EST-5,,86,MFL,Broadcast Media,,,,2,NE,2,NE,HIALEAH,1444,25.8705,-80.2473
3/31/1996,BROWARD CO.,1,MIRAMAR,1657,0,0,0,EST-5,,11,MFL,Trained Spotter,,,,1,ENE,1,ENE,MIRAMAR,1657,26.0077,-80.3872
6/19/1996,BROWARD CO.,1,MIRAMAR,1658,0,0,0,EST-5,,11,MFL,NWS Employee,,,,1,NNE,1,NNE,MIRAMAR,1658,26.0077,-80.3979
5/26/1997,BROWARD CO.,1,MIRAMAR,1710,0,0,0,EST-5,,11,MFL,Social Media,,,,5,ENE,5,ENE,MIRAMAR,1710,26.02,-80.33
5/26/1997,MIAMI-DADE CO.,1,MIAMI SPGS,1240,0,0,0,EST-5,,86,MFL,Public,,,,0,N,0,N,MIAMI SPGS,1240,25.82,-80.28
6/22/1997,COLLIER CO.,1,NORTH NAPLES,1744,0,0,0,EST-5,,21,MFL,Trained Spotter,,,,3,E,3,E,NORTH NAPLES,1744,26.23,-81.7516
8/7/1997,BROWARD CO.,1,DAVIE,1355,0,0,0,EST-5,,11,MFL,Public,,,,7,NW,7,NW,DAVIE,1355,26.1305,-80.3231
8/25/1997,BROWARD CO.,1,DAVIE,1410,0,0,0,EST-5,,11,MFL,Broadcast Media,,,,0,N,0,N,DAVIE,1410,26.07,-80.23
2/6/1998,BROWARD CO.,1,DAVIE,1425,0,0,0,EST-5,,11,MFL,Public,,,,3,WSW,3,WSW,DAVIE,1425,26.06,-80.27
5/4/1998,PALM BEACH CO.,1,DELRAY BEACH,1435,0,0,0,EST-5,,99,MFL,Broadcast Media,,,,0,N,0,N,DELRAY BEACH,1435,26.47,-80.07
5/4/1998,PALM BEACH CO.,1,DELRAY BEACH,1440,0,0,0,EST-5,,99,MFL,Broadcast Media,,,,0,N,0,N,DELRAY BEACH,1440,26.47,-80.07
5/4/1998,BROWARD CO.,1,DAVIE,1140,0,0,0,EST-5,,11,MFL,Social Media,,,,1,N,1,N,DAVIE,1140,26.0809,-80.2307
5/5/1998,MIAMI-DADE CO.,1,OPA LOCKA,1646,0,0,0,EST-5,,86,MFL,Social Media,,,,1,N,1,N,OPA LOCKA,1646,25.94,-80.28
5/6/1998,MIAMI-DADE CO.,1,MEDLEY,1720,0,0,0,EST-5,,86,MFL,Public,,,,2,NNE,2,NNE,MEDLEY,1720,25.8567,-80.3077
6/28/1998,GLADES CO.,1,MOORE HAVEN,1555,0,0,0,EST-5,,43,MFL,Other Federal Agency,,,,1,NNW,1,NNW,MOORE HAVEN,1555,26.84,-81.0873
7/3/1998,BROWARD CO.,1,MIRAMAR,1545,0,0,0,EST-5,,11,MFL,Trained Spotter,,,,17,NW,17,NW,MIRAMAR,1545,26.1462,-80.6206
4/28/1999,PALM BEACH CO.,1,JUPITER,1455,0,0,0,EST-5,,99,MFL,Public,,,,3,NNW,3,NNW,JUPITER,1455,26.97,-80.11
5/8/1999,GLADES CO.,1,ORTONA,1720,0,0,0,EST-5,,43,MFL,Emergency Manager,,,,6,ENE,6,ENE,ORTONA,1720,26.849,-81.2281
5/12/1999,BROWARD CO.,1,TAMARAC,1442,0,0,0,EST-5,,11,MFL,Trained Spotter,,,,1,ESE,1,ESE,TAMARAC,1442,26.1658,-80.16
5/19/1999,COLLIER CO.,1,JEROME,1835,0,0,0,EST-5,,21,MFL,Trained Spotter,,,,0,SE,0,SE,JEROME,1835,25.9972,-81.347
8/2/1999,MIAMI-DADE CO.,1,MIAMI,1520,0,0,0,EST-5,,86,MFL,NWS Employee,,,,1,ESE,1,ESE,MIAMI,1520,25.767,-80.1905
6/30/2000,PALM BEACH CO.,1,BOCA RATON,1341,0,0,0,EST-5,,99,MFL,Trained Spotter,,,,0,WNW,0,WNW,BOCA RATON,1341,26.3526,-80.0869
6/15/2001,MIAMI-DADE CO.,1,LEISURE CITY,711,0,0,0,EST-5,,86,MFL,Public,,,,2,NNE,2,NNE,LEISURE CITY,711,25.4994,-80.4174
6/16/2001,MIAMI-DADE CO.,1,SOUTH MIAMI HGTS,732,0,0,0,EST-5,,86,MFL,Trained Spotter,,,,2,SSE,2,SSE,SOUTH MIAMI HGTS,732,25.579,-80.3684
6/16/2001,BROWARD CO.,1,MIRAMAR,1546,0,0,0,EST-5,,11,MFL,Trained Spotter,,,,2,SE,2,SE,MIRAMAR,1546,25.9791,-80.3828
5/31/2002,MIAMI-DADE CO.,1,MEDLEY,1320,0,0,0,EST-5,,86,MFL,Broadcast Media,,,,1,S,1,S,MEDLEY,1320,25.8095,-80.3238
3/16/2003,MIAMI-DADE CO.,1,MIAMI BEACH,1510,0,0,0,EST-5,,86,MFL,Broadcast Media,,,,1,SW,1,SW,MIAMI BEACH,1510,25.7852,-80.1343
3/17/2003,BROWARD CO.,1,HOLLYWOOD,1240,0,0,0,EST-5,,11,MFL,Trained Spotter,,,,1,SW,1,SW,HOLLYWOOD,1245,26.0108,-80.1633
3/17/2003,COLLIER CO.,1,GOLDEN GATE,852,0,0,0,EST-5,,21,MFL,Fire Department/Rescue,,,,6,N,6,N,GOLDEN GATE,852,26.2568,-81.67
4/27/2003,COLLIER CO.,1,GOLDEN GATE,900,0,0,0,EST-5,,21,MFL,Trained Spotter,,,,8,NNE,8,NNE,GOLDEN GATE,900,26.2756,-81.6085
7/29/2003,GLADES CO.,1,ORTONA,1715,0,0,0,EST-5,,43,MFL,Law Enforcement,,,,1,ESE,11,WNW,GOODNO,1715,26.81,-81.3
7/6/2004,PALM BEACH CO.,1,TEQUESTA,1815,0,0,0,EST-5,,99,MFL,Trained Spotter,,,,10,W,10,W,TEQUESTA,1815,26.88,-80.26
7/13/2004,BROWARD CO.,1,MIRAMAR,1438,0,0,0,EST-5,,11,MFL,NWS Employee,,,,3,E,3,E,MIRAMAR,1438,25.9924,-80.3528
3/25/2005,BROWARD CO.,1,MIRAMAR,1446,0,0,0,EST-5,,11,MFL,NWS Employee,,,,4,E,4,E,MIRAMAR,1446,26.01,-80.34
4/4/2006,BROWARD CO.,1,DAVIE,1520,0,0,0,EST-5,,11,MFL,Public,,,,5,NW,5,NW,DAVIE,1520,26.1088,-80.2907
5/15/2006,HENDRY CO.,1,HARLEM,1545,0,0,0,EST-5,,51,MFL,Law Enforcement,,,,1,ESE,1,ESE,HARLEM,1545,26.72,-80.9
5/15/2006,COLLIER CO.,1,ROYAL PALM,1450,0,0,0,EST-5,,21,MFL,Public,,,,5,ESE,5,ESE,ROYAL PALM,1450,25.96,-81.51
5/15/2006,COLLIER CO.,1,MARCO IS ARPT,1530,0,0,0,EST-5,,21,MFL,Public,,,,5,NNW,5,NNW,MARCO IS ARPT,1530,26.0618,-81.7009
5/15/2006,MIAMI-DADE CO.,1,KENDALL,1415,0,0,0,EST-5,,86,MFL,Public,,,,2,NNW,2,NNW,KENDALL,1415,25.71,-80.33
5/15/2006,MIAMI-DADE CO.,1,CORAL WAY VLG,1432,0,0,0,EST-5,,86,MFL,Trained Spotter,,,,1,N,1,N,CORAL WAY VLG,1432,25.7578,-80.2998
5/15/2006,MIAMI-DADE CO.,1,ALADDIN CITY,1527,0,0,0,EST-5,,86,MFL,Broadcast Media,,,,2,NE,2,NE,ALADDIN CITY,1527,25.5956,-80.4419
5/15/2006,MIAMI-DADE CO.,1,MIAMI SPGS,1510,0,0,0,EST-5,,86,MFL,Trained Spotter,,,,1,ESE,1,ESE,MIAMI SPGS,1510,25.8104,-80.2627
5/16/2006,MIAMI-DADE CO.,1,WESTWOOD LAKES,1700,0,0,0,EST-5,,86,MFL,Broadcast Media,,,,0,ENE,0,ENE,WESTWOOD LAKES,1700,25.7322,-80.3758
6/27/2006,MIAMI-DADE CO.,1,WESTWOOD LAKES,1711,0,0,0,EST-5,,86,MFL,Trained Spotter,,,,3,S,3,S,WESTWOOD LAKES,1711,25.6861,-80.3894
2/28/2007,PALM BEACH CO.,1,FLORIDA GARDENS,1024,0,0,0,EST-5,,99,MFL,Mesonet,,,,3,WSW,3,WSW,FLORIDA GARDENS,1024,26.61,-80.17
2/28/2007,PALM BEACH CO.,1,WESTGATE,1045,0,0,0,EST-5,,99,MFL,Trained Spotter,,,,1,NW,1,NW,WESTGATE,1045,26.7067,-80.0864
2/28/2007,PALM BEACH CO.,1,JUPITER,1540,0,0,0,EST-5,,99,MFL,Public,,,,0,N,0,N,JUPITER,1540,26.93,-80.1
2/28/2007,PALM BEACH CO.,1,BOCA RATON,1440,0,0,0,EST-5,,99,MFL,Public,,,,9,WNW,9,WNW,BOCA RATON,1440,26.4094,-80.2043
4/10/2007,MIAMI-DADE CO.,1,HOMESTEAD,1820,0,0,0,EST-5,,86,MFL,NWS Employee,,,,1,N,1,N,HOMESTEAD,1820,25.48,-80.47
4/10/2007,MIAMI-DADE CO.,1,HOMESTEAD,1830,0,0,0,EST-5,,86,MFL,Public,,,,1,E,1,E,HOMESTEAD,1830,25.47,-80.449
4/10/2007,PALM BEACH CO.,1,FLORIDA GARDENS,1355,0,0,0,EST-5,,99,MFL,Trained Spotter,,,,1,NW,1,NW,FLORIDA GARDENS,1355,26.63,-80.14
4/10/2007,PALM BEACH CO.,1,GREENACRES CITY,1421,0,0,0,EST-5,,99,MFL,Trained Spotter,,,,2,ENE,2,ENE,GREENACRES CITY,1421,26.6368,-80.0883
5/3/2007,PALM BEACH CO.,1,JUPITER,1421,0,0,0,EST-5,,99,MFL,Law Enforcement,,,,0,N,0,N,JUPITER,1421,26.93,-80.1
5/12/2007,PALM BEACH CO.,1,BOCA RATON,1400,0,0,0,EST-5,,99,MFL,Trained Spotter,,,,0,N,0,N,BOCA RATON,1400,26.35,-80.08
5/14/2007,PALM BEACH CO.,1,BOCA RATON,1408,0,0,0,EST-5,,99,MFL,Trained Spotter,,,,0,N,0,N,BOCA RATON,1412,26.35,-80.08
5/19/2007,MIAMI-DADE CO.,1,MIAMI LAKE,1400,0,0,0,EST-5,,86,MFL,Trained Spotter,,,,3,SSW,3,SSW,MIAMI LAKE,1400,25.8888,-80.3212
6/8/2007,GLADES CO.,1,LAKEPORT,1240,0,0,0,EST-5,,43,MFL,Fire Department/Rescue,,,,0,N,0,N,LAKEPORT,1255,26.97,-81.13
6/13/2007,COLLIER CO.,1,MARCO IS ARPT,251,0,0,0,EST-5,,21,MFL,Emergency Manager,,,,2,WNW,2,WNW,MARCO IS ARPT,251,26.0124,-81.6997
6/13/2007,COLLIER CO.,1,MILES CITY,1600,0,0,0,EST-5,,21,MFL,Public,,,,17,E,17,E,MILES CITY,1610,26.1677,-81.0785
6/13/2007,BROWARD CO.,1,COLLIER CITY,1239,0,0,0,EST-5,,11,MFL,Law Enforcement,,,,2,WSW,2,WSW,COLLIER CITY,1239,26.1665,-80.2568
6/13/2007,HENDRY CO.,1,LA BELLE,1502,0,0,0,EST-5,,51,MFL,Public,,,,0,N,0,N,LA BELLE,1502,26.75,-81.43
6/13/2007,BROWARD CO.,1,ANDYTOWN,1635,0,0,0,EST-5,,11,MFL,Public,,,,3,SE,3,SE,ANDYTOWN,1635,26.1165,-80.4038
7/18/2007,GLADES CO.,1,MOORE HAVEN,1532,0,0,0,EST-5,,43,MFL,Law Enforcement,,,,0,N,0,N,MOORE HAVEN,1532,26.83,-81.08
7/20/2007,BROWARD CO.,1,CORAL SPGS,1545,0,0,0,EST-5,,11,MFL,Public,,,,5,NW,5,NW,CORAL SPGS,1545,26.314,-80.2802
5/24/2008,PALM BEACH CO.,1,WEST PALM BEACH,1438,0,0,0,EST-5,,99,MFL,Public,,,,0,SSW,0,SSW,WEST PALM BEACH,1438,26.6756,-80.0515
6/10/2008,GLADES CO.,1,PALMDALE,1720,0,0,0,EST-5,,43,MFL,Fire Department/Rescue,,,,1,NE,1,NE,PALMDALE,1720,26.94,-81.31
6/21/2008,COLLIER CO.,1,GOLDEN GATE,1640,0,0,0,EST-5,,21,MFL,Park/Forest Service,,,,8,NNE,8,NNE,GOLDEN GATE,1640,26.27,-81.61
6/21/2008,MIAMI-DADE CO.,1,(MIA)MIAMI INTL,1605,0,0,0,EST-5,,86,MFL,Public,,,,2,WSW,2,WSW,(MIA)MIAMI INTL,1610,25.7889,-80.3097
7/23/2008,MIAMI-DADE CO.,1,ALLAPATTAH,1607,0,0,0,EST-5,,86,MFL,Trained Spotter,,,,1,N,1,N,ALLAPATTAH,1615,25.79,-80.22
8/19/2008,MIAMI-DADE CO.,1,LEMON CITY,1615,0,0,0,EST-5,,86,MFL,Broadcast Media,,,,2,SW,2,SW,LEMON CITY,1625,25.8,-80.2
5/20/2009,COLLIER CO.,1,GOLDEN GATE,1416,0,0,0,EST-5,,21,MFL,Public,,,,9,ENE,9,ENE,GOLDEN GATE,1418,26.2202,-81.535
5/25/2009,MIAMI-DADE CO.,1,(OPF)OPA LOCKA ARPT,1445,0,0,0,EST-5,,86,MFL,Public,,,,1,NW,1,NW,(OPF)OPA LOCKA ARPT,1450,25.9102,-80.2914
5/27/2009,COLLIER CO.,1,NAPLES PARK,1520,0,0,0,EST-5,,21,MFL,Trained Spotter,,,,2,NNE,2,NNE,NAPLES PARK,1525,26.3,-81.79
5/27/2009,GLADES CO.,1,PALMDALE,1535,0,0,0,EST-5,,43,MFL,Public,,,,0,N,0,N,PALMDALE,1545,26.93,-81.32
6/5/2009,PALM BEACH CO.,1,BELLE GLADE,1705,0,0,750000,EST-5,,99,MFL,Newspaper,,,,7,E,7,E,BELLE GLADE,1715,26.68,-80.5567
6/5/2009,COLLIER CO.,1,COPELAND,1652,0,0,0,EST-5,,21,MFL,Law Enforcement,,,,3,SSW,3,SSW,COPELAND,1658,25.91,-81.36
6/6/2009,PALM BEACH CO.,1,BELLE GLADE,1430,0,0,100000,EST-5,,99,MFL,Newspaper,,,,3,E,3,E,BELLE GLADE,1440,26.68,-80.6215
6/7/2009,PALM BEACH CO.,1,WEST PALM BEACH ARPK,1617,0,0,0,EST-5,,99,MFL,Trained Spotter,,,,3,SW,3,SW,WEST PALM BEACH ARPK,1617,26.55,-80.12
6/7/2009,PALM BEACH CO.,1,FLORIDA GARDENS,1623,0,0,0,EST-5,,99,MFL,Trained Spotter,,,,5,WSW,5,WSW,FLORIDA GARDENS,1623,26.5934,-80.2017
6/13/2009,BROWARD CO.,1,COLLIER CITY,1355,0,0,0,EST-5,,11,MFL,Trained Spotter,,,,1,E,1,E,COLLIER CITY,1355,26.18,-80.2
7/9/2009,BROWARD CO.,1,LAUDERDALE LAKES,1400,0,0,0,EST-5,,11,MFL,Public,,,,1,N,1,N,LAUDERDALE LAKES,1400,26.16,-80.2
2/24/2010,BROWARD CO.,1,LAUDERDALE IS,1402,0,0,0,EST-5,,11,MFL,Trained Spotter,,,,0,N,0,N,LAUDERDALE IS,1402,26.12,-80.15
2/24/2010,BROWARD CO.,1,PORT EVERGLADES,1410,0,0,0,EST-5,,11,MFL,Public,,,,0,N,0,N,PORT EVERGLADES,1410,26.1,-80.13
6/3/2010,PALM BEACH CO.,1,LAKE WORTH,1639,0,0,0,EST,,99,MFL,TRAINED SPOTTER,,,,,,,,LAKE WORTH,1639,26.61667,-80.05
6/3/2010,COLLIER CO.,1,NAPLES,1751,0,0,0,EST,,21,MFL,LAW ENFORCEMENT,,,,5,E,5,E,NAPLES,1751,26.13,-81.7167
6/3/2010,MIAMI-DADE CO.,1,SOUTH MIAMI,1525,0,0,0,EST,,86,MFL,GENERAL PUBLIC,,,,1,NW,1,NW,SOUTH MIAMI,1525,25.72,-80.3
6/3/2010,BROWARD CO.,1,PEMBROKE PINES,1113,0,0,0,EST,,11,MFL,NWS EMPLOYEE(OFF DUTY),,,,,,,,PEMBROKE PINES,1113,26.05,-80.1667
6/3/2010,MIAMI-DADE CO.,1,HIALEAH,1330,0,0,0,EST,,86,MFL,NWS EMPLOYEE(OFF DUTY),,,,,,,,HIALEAH,1330,25.85,-80.2667
4/28/2011,MIAMI-DADE CO.,1,NORTH MIAMI BEACH,1405,0,0,0,EST,,86,MFL,GENERAL PUBLIC,,,,,,,,NORTH MIAMI BEACH,1405,25.91667,-80.1833
4/29/2011,MIAMI-DADE CO.,1,CAROL CITY,1420,0,0,0,EST,,86,MFL,TRAINED SPOTTER,,,,2,E,2,E,CAROL CITY,1420,25.93333,-80.2333
5/6/2011,MIAMI-DADE CO.,1,CAROL CITY,1851,0,0,0,EST,,86,MFL,GENERAL PUBLIC,,,,,,,,CAROL CITY,1851,25.93333,-80.2667
6/12/2011,BROWARD CO.,1,PLANTATION,1600,0,0,0,EST,,11,MFL,NEWSPAPER,,,,,,,,PLANTATION,1600,26.08333,-80.2
6/12/2011,PALM BEACH CO.,1,PALM BEACH GARDENS,1530,0,0,0,EST,,99,MFL,BROADCAST MEDIA,,,,,,,,PALM BEACH GARDENS,1530,26.8,-80.0667
6/12/2011,MIAMI-DADE CO.,1,(MIA)MIAMI INTL,1455,0,0,0,EST,,86,MFL,TRAINED SPOTTER,,,,5,W,5,W,(MIA)MIAMI INTL,1455,25.8,-80.3667
6/13/2011,BROWARD CO.,1,CORAL SPGS,1510,0,0,0,EST,,11,MFL,GENERAL PUBLIC,,,,2,N,2,N,CORAL SPGS,1510,26.3,-80.2167
6/19/2011,PALM BEACH CO.,1,PALM BEACH GARDENS,1541,0,0,0,EST,,99,MFL,GOVT OFFICIAL,,,,2,W,2,W,PALM BEACH GARDENS,1541,26.8,-80.1
4/6/2012,BROWARD CO.,1,MARGATE,1902,0,0,0,EST,,11,MFL,TRAINED SPOTTER,,,,,,,,MARGATE,1902,26.26667,-80.2
4/6/2012,MIAMI-DADE CO.,1,CORAL GABLES,1558,0,0,0,EST,,86,MFL,TRAINED SPOTTER,,,,,,,,CORAL GABLES,1558,25.75,-80.25
4/6/2012,PALM BEACH CO.,1,PALM BEACH GARDENS,1540,0,0,0,EST,,99,MFL,TRAINED SPOTTER,,,,,,,,PALM BEACH GARDENS,1540,26.8,-80.0667
5/9/2012,BROWARD CO.,1,SUNRISE GOLF VLG,1340,0,0,0,EST,,11,MFL,LAW ENFORCEMENT,,,,,,,,SUNRISE GOLF VLG,1350,26.06667,-80.2167
5/18/2012,GLADES CO.,1,ORTONA,1750,0,0,0,EST,,43,MFL,EMERGENCY MANAGER,,,,5,NE,5,NE,ORTONA,1750,26.86667,-81.2667
5/18/2012,BROWARD CO.,1,NORTH LAUDERDALE,1307,0,0,0,EST,,11,MFL,TRAINED SPOTTER,,,,,,,,NORTH LAUDERDALE,1307,26.2,-80.1667
5/18/2012,MIAMI-DADE CO.,1,MIAMI LAKE,1222,0,0,0,EST,,86,MFL,UNKNOWN,,,,,,,,MIAMI LAKE,1222,25.91667,-80.3
5/27/2012,MIAMI-DADE CO.,1,MIAMI,1245,0,0,0,EST,,86,MFL,LAW ENFORCEMENT,,,,15,W,15,W,MIAMI,1245,25.77,-80.4333
6/6/2012,PALM BEACH CO.,1,GREENACRES CITY,1254,0,0,0,EST,,99,MFL,TRAINED SPOTTER,,,,,,,,GREENACRES CITY,1254,26.63333,-80.1167
6/6/2012,HENDRY CO.,1,HARLEM,2036,0,0,0,EST,,51,MFL,LAW ENFORCEMENT,,,,,,,,HARLEM,2036,26.73333,-80.9167
6/15/2012,BROWARD CO.,1,FT LAUDERDALE,1715,0,0,0,EST,,11,MFL,NWS EMPLOYEE(OFF DUTY),,,,,,,,FT LAUDERDALE,1715,26.13333,-80.1333
6/15/2012,BROWARD CO.,1,LAUDERDALE LAKES,1455,0,0,0,EST,,11,MFL,TRAINED SPOTTER,,,,,,,,LAUDERDALE LAKES,1455,26.15,-80.2
6/15/2012,BROWARD CO.,1,OAKLAND PARK,1555,0,0,0,EST,,11,MFL,LAW ENFORCEMENT,,,,,,,,OAKLAND PARK,1555,26.17,-80.13
6/11/2014,MIAMI-DADE CO.,1,CUTLER RIDGE,1845,0,0,0,EST,,86,MFL,,,,,,,,,CUTLER RIDGE,1900,25.58,-80.33
6/13/2014,COLLIER CO.,1,GOODLAND,2000,0,0,0,EST,,21,MFL,,,,,,,,,GOODLAND,2010,25.92,-81.65
6/13/2014,BROWARD CO.,1,DAVIE,1512,0,0,0,EST,,11,MFL,,,,,,,,,DAVIE,1512,26.07,-80.23
6/13/2014,BROWARD CO.,1,HOLLYWOOD,1530,0,0,0,EST,,11,MFL,,,,,,,,,HOLLYWOOD,1545,26.02,-80.15
4/27/2015,PALM BEACH CO.,1,INDIANTOWN/CENTRAL,1636,0,0,0,EST,,99,MFL,,,,,,,,,NEAR JUPITER,1636,27.02,-80.48
4/27/2015,HENDRY CO.,1,CLEWISTON,1810,0,0,0,EST,,51,MFL,,,,,3,S,3,S,CLEWISTON,1810,26.7,-80.93
5/21/2015,PALM BEACH CO.,1,(PBI)PALM BEACH ARPT,1815,0,0,0,EST,,99,MFL,,,,,50,W,50,W,(PBI)PALM BEACH ARPT,1815,26.68,-80.97
5/22/2015,COLLIER CO.,1,FMY W Naples,1515,0,0,0,EST,,21,,,,0,0,25,S,0,,,1515,,
7/14/2015,PALM BEACH CO.,1,Lantana,1545,1,0,0,EST,,99,,,,0,0,0,,0,,Lake Worth,1545,,
5/17/2016,BROWARD CO.,1,,800,0,0,0,EST,,11,,,,0,0,0,,0,,,800,,
5/24/2016,MIAMI-DADE CO.,1,,1258,0,0,0,CST,,86,MIA,,,0,0,0,,0,,,1258,25.67,-80.3
9/30/2016,MIAMI-DADE CO.,1,,1225,0,0,0,CST,,86,MIA,,,0,0,0,,0,,,1225,25.47,-80.37
6/9/2018,COLLIER CO.,1,,1225,0,0,0,CST,,21,MIA,,,0,0,0,,0,,,1225,26.12,-81.35
6/9/2018,MIAMI-DADE CO.,1,,1545,0,0,0,CST,,86,MIA,,,0,0,0,,0,,,1545,25.17,-80.92
8/9/2018,MIAMI-DADE CO.,1,,1550,0,0,0,CST,,86,MIA,,,0,0,0,,0,,,1550,25.85,-80.27
9/20/2018,BROWARD CO.,1,,1951,0,0,0,CST,,11,FLL,,,0,0,0,,0,,,1951,26.18,-80.28
4/26/2020,MIAMI-DADE CO.,1,,1445,0,0,0,CST,,86,R,,,0,0,0,,0,,,1445,25.6,-80.58
4/26/2020,MIAMI-DADE CO.,1,,1700,0,0,0,CST,,86,AT,,,0,0,0,,0,,,1700,25.77,-80.2
4/26/2020,MIAMI-DADE CO.,1,,1720,0,0,0,CST,,86,R,,,0,0,0,,0,,,1720,25.68,-80.37
4/3/2022,BROWARD CO.,1,,1420,0,0,0,CST,,11,NG,,,0,0,0,,0,,,1420,26.08,-80.2
5/15/2022,PALM BEACH CO.,1,,1210,0,0,0,CST,,99,NG,,,0,0,0,,0,,,1210,26.8,-80.05
8/3/2022,HENDRY CO.,1,,945,0,0,0,CST,,51,ATA,,,0,0,0,,0,,,945,26.4,-81.23
4/17/2023,MIAMI-DADE CO.,1,,1740,0,0,0,CST,,86,T,,,0,0,0,,0,,,1740,25.47,-80.47
6/23/2023,PALM BEACH CO.,1,,1840,0,0,0,CST,,99,,,,0,0,0,,0,,,1840,26.7,-80.05
7/17/2023,PALM BEACH CO.,1,,1530,0,0,0,CST,,99,,,,0,0,0,,0,,,1530,26.47,-80.07
5/18/2024,PALM BEACH CO.,1,,1800,0,0,0,CST,,99,,,,0,0,0,,0,,,1800,26.88,-80.08
4/29/1955,PALM BEACH CO.,1.25,TEQUESTA,1736,0,0,0,EST-5,,99,MFL,Social Media,,,,3,SW,3,SW,TEQUESTA,1736,26.87,-80.13
5/6/1975,COLLIER CO.,1.25,HARKER,1630,0,0,0,EST-5,,21,MFL,NWS Employee,,,,7,WSW,7,WSW,HARKER,1635,26.3104,-81.4419
6/4/1975,BROWARD CO.,1.25,PORT EVERGLADES,1230,0,0,0,EST-5,,11,MFL,Public,,,,2,WSW,2,WSW,PORT EVERGLADES,1230,26.0919,-80.1528
5/29/1977,GLADES CO.,1.25,LAKEPORT,1800,0,0,0,EST-5,,43,MFL,Social Media,,,,19,NE,19,NE,LAKEPORT,1800,27.14,-80.89
4/7/1980,BROWARD CO.,1.25,MIRAMAR,1220,0,0,0,EST-5,,11,MFL,NWS Employee,,,,0,N,0,N,MIRAMAR,1225,26,-80.4
4/24/1982,HENDRY CO.,1.25,LA BELLE,1440,0,0,0,EST-5,,51,MFL,Emergency Manager,,,,2,NW,2,NW,LA BELLE,1440,26.7758,-81.453
5/21/1986,MIAMI-DADE CO.,1.25,WESTWOOD LAKES,1631,0,0,0,EST-5,,86,MFL,Public,,,,3,SW,3,SW,WESTWOOD LAKES,1631,25.7,-80.41
7/6/1990,COLLIER CO.,1.25,GOLDEN GATE,1441,0,0,0,EST-5,,21,MFL,Public,,,,3,N,3,N,GOLDEN GATE,1441,26.21,-81.67
7/17/1997,COLLIER CO.,1.25,NORTH NAPLES,1808,0,0,0,EST-5,,21,MFL,Public,,,,4,ESE,4,ESE,NORTH NAPLES,1808,26.2112,-81.7362
4/26/1999,BROWARD CO.,1.25,MARGATE,1610,0,0,0,EST-5,,11,MFL,Trained Spotter,,,,3,NE,3,NE,MARGATE,1610,26.3054,-80.1696
6/16/2001,BROWARD CO.,1.25,HILLSBORO BEACH,1314,0,0,0,EST-5,,11,MFL,Trained Spotter,,,,2,SSW,2,SSW,HILLSBORO BEACH,1314,26.2756,-80.0878
6/25/2001,MIAMI-DADE CO.,1.25,SWEET WATER,1315,0,0,0,EST-5,,86,MFL,Trained Spotter,,,,3,N,3,N,SWEET WATER,1315,25.81,-80.37
7/3/2002,MIAMI-DADE CO.,1.25,MIAMI,1510,0,0,0,EST-5,,86,MFL,Public,,,,1,E,1,E,MIAMI,1510,25.771,-80.1906
7/29/2003,BROWARD CO.,1.25,CORAL SPGS,1350,0,0,0,EST-5,,11,MFL,Trained Spotter,,,,3,W,3,W,CORAL SPGS,1350,26.27,-80.27
7/25/2006,MIAMI-DADE CO.,1.25,MIAMI NEW TAMIAMI AR,1715,0,0,0,EST-5,,86,MFL,NWS Employee,,,,3,NNW,3,NNW,MIAMI NEW TAMIAMI AR,1715,25.6966,-80.4427
9/15/2006,MIAMI-DADE CO.,1.25,WESTWOOD LAKES,1716,0,0,0,EST-5,,86,MFL,Public,,,,2,S,2,S,WESTWOOD LAKES,1716,25.7008,-80.3825
6/12/2011,GLADES CO.,1.25,MOORE HAVEN,1651,0,0,0,EST,,43,MFL,LAW ENFORCEMENT,,,,,,,,MOORE HAVEN,1710,26.83333,-81.0833
6/17/2011,MIAMI-DADE CO.,1.25,MIAMI,1355,0,0,0,EST,,86,MFL,LAW ENFORCEMENT,,,,10,W,10,W,MIAMI,1355,25.76667,-80.3667
4/6/2012,BROWARD CO.,1.25,HOLLYWOOD,1500,0,0,0,EST,,11,MFL,GOVT OFFICIAL,,,,,,,,HOLLYWOOD,1515,26.01667,-80.15
5/9/2012,MIAMI-DADE CO.,1.25,MIAMI SHRS,1405,0,0,0,EST,,86,MFL,GENERAL PUBLIC,,,,,,,,MIAMI SHRS,1405,25.86667,-80.2
6/15/2012,COLLIER CO.,1.25,GOLDEN GATE,1344,0,0,0,EST,,21,MFL,EMERGENCY MANAGER,,,,,,,,GOLDEN GATE,1344,26.17,-81.67
6/15/2012,MIAMI-DADE CO.,1.25,KENDALL,1335,0,0,0,EST,,86,MFL,GENERAL PUBLIC,,,,,,,,CUTLER RIDGE,1350,25.68,-80.32
6/15/2012,MIAMI-DADE CO.,1.25,CUTLER RIDGE,1846,0,0,0,EST,,86,MFL,TRAINED SPOTTER,,,,,,,,CUTLER RIDGE,1846,25.58,-80.33
5/22/2015,PALM BEACH CO.,1.25,(PBI)PALM BEACH ARPT,1925,0,250000,20000,EST,,99,MFL,,,,,15,N,15,N,(PBI)PALM BEACH ARPT,1935,26.9,-80.15
7/13/2016,COLLIER CO.,1.25,,1515,0,0,0,CST,,21,MIA,,,0,0,0,,0,,,1515,26.38,-81.38
6/24/2019,BROWARD CO.,1.25,,1500,0,0,0,CST,,11,R,,,0,0,0,,0,,,1500,26.17,-80.13
5/13/2022,MIAMI-DADE CO.,1.25,,1530,0,0,0,CST,,86,MT,,,0,0,0,,0,,,1530,25.85,-80.27
11/30/1961,MIAMI-DADE CO.,1.5,KENDALL,1440,0,0,0,EST-5,,86,MFL,Public,,,,2,WSW,2,WSW,KENDALL,1440,25.67,-80.35
7/17/1968,BROWARD CO.,1.5,DAVIE,1630,0,0,0,EST-5,,11,MFL,Social Media,,,,1,E,1,E,DAVIE,1630,26.07,-80.22
12/28/1978,PALM BEACH CO.,1.5,JUPITER,1440,0,0,0,EST-5,,99,MFL,Broadcast Media,,,,0,N,6,W,JUPITER,1515,26.93,-80.1
6/18/1983,MIAMI-DADE CO.,1.5,WESTWOOD LAKES,1755,0,0,0,EST-5,,86,MFL,Public,,,,3,ESE,3,ESE,WESTWOOD LAKES,1755,25.7146,-80.3414
2/13/1995,PALM BEACH CO.,1.5,PALM SPGS,1635,0,0,0,EST-5,,99,MFL,Trained Spotter,,,,1,S,1,W,LANTANA,1657,26.65,-80.05
7/3/1997,COLLIER CO.,1.5,NORTH NAPLES,1755,0,0,0,EST-5,,21,MFL,Social Media,,,,4,ENE,4,ENE,NORTH NAPLES,1755,26.2489,-81.7331
3/29/2001,PALM BEACH CO.,1.5,BOCA RATON,1348,0,0,0,EST-5,,99,MFL,Trained Spotter,,,,2,NW,2,NW,BOCA RATON,1348,26.3668,-80.1013
6/12/2001,PALM BEACH CO.,1.5,WELLINGTON,1500,0,0,0,EST-5,,99,MFL,Social Media,,,,3,NW,3,NW,WELLINGTON,1500,26.6944,-80.2799
3/13/2003,MIAMI-DADE CO.,1.5,BISCAYNE PARK,1510,0,0,0,EST-5,,86,MFL,NWS Employee,,,,3,SSW,3,SSW,BISCAYNE PARK,1510,25.735,-80.1604
3/17/2003,COLLIER CO.,1.5,GOLDEN GATE,853,0,0,0,EST-5,,21,MFL,Trained Spotter,,,,4,N,4,N,GOLDEN GATE,853,26.2286,-81.6681
5/6/2007,MIAMI-DADE CO.,1.5,BISCAYNE PARK,1518,0,0,0,EST-5,,86,MFL,NWS Employee,,,,1,NE,1,NE,BISCAYNE PARK,1518,25.7819,-80.1385
8/5/2008,MIAMI-DADE CO.,1.5,(MIA)MIAMI INTL,1607,0,0,0,EST-5,,86,MFL,Airplane Pilot,,,,5,E,5,E,(MIA)MIAMI INTL,1615,25.8,-80.1997
2/24/2010,BROWARD CO.,1.5,LAUDERDALE IS,1413,0,0,0,EST-5,,11,MFL,Public,,,,0,N,0,N,LAUDERDALE IS,1413,26.12,-80.15
6/15/2012,PALM BEACH CO.,1.5,WEST PALM BEACH,1612,0,0,0,EST,,99,MFL,TRAINED SPOTTER,,,,10,WSW,10,WSW,WEST PALM BEACH,1612,26.63333,-80.2
6/26/2014,HENDRY CO.,1.5,LA BELLE,1210,0,0,0,EST,,51,MFL,,,,,,,,,LA BELLE,1210,26.75,-81.43
4/20/2015,PALM BEACH CO.,1.5,TEQUESTA,1630,0,0,0,EST,,99,MFL,,,,,,,,,TEQUESTA,1630,26.9,-80.1
4/27/2015,PALM BEACH CO.,1.5,OKEELANTA,1330,0,0,0,EST,,99,MFL,,,,,0,S,0,S,OKEELANTA,1330,26.62,-80.7
5/24/2016,HENDRY CO.,1.5,,1815,0,0,0,CST,,51,MIA,,,0,0,0,,0,,,1815,26.75,-81.43
7/8/2016,BROWARD CO.,1.5,,1215,0,0,0,CST,,11,MIA,,,0,0,0,,0,,,1215,25.87,-80.35
3/23/2017,MIAMI-DADE CO.,1.5,,1255,0,0,0,CST,,86,MIA,,,0,0,0,,0,,,1255,25.67,-80.22
5/7/2019,BROWARD CO.,1.5,,2045,0,0,0,CST,,11,MIA,,,0,0,0,,0,,,2045,25.87,-80.35
4/3/2022,MIAMI-DADE CO.,1.5,,1315,0,0,0,CST,,86,AT,,,0,0,0,,0,,,1315,25.6,-80.58
4/3/2022,MIAMI-DADE CO.,1.5,,1330,0,0,0,CST,,86,AT,,,0,0,0,,0,,,1330,25.6,-80.58
4/3/2022,MIAMI-DADE CO.,1.5,,1345,0,0,0,CST,,86,AT,,,0,0,0,,0,,,1345,25.6,-80.58
4/3/2022,MIAMI-DADE CO.,1.5,,1400,0,0,0,CST,,86,AT,,,0,0,0,,0,,,1400,25.6,-80.58
4/3/2022,MIAMI-DADE CO.,1.5,,1415,0,0,0,CST,,86,AT,,,0,0,0,,0,,,1415,25.6,-80.58
4/3/2022,MIAMI-DADE CO.,1.5,,1430,0,0,0,CST,,86,AT,,,0,0,0,,0,,,1430,25.6,-80.58
5/18/2024,PALM BEACH CO.,1.5,,1730,0,0,0,CST,,99,,,,0,0,0,,0,,,1730,26.7,-80.9
5/27/1977,PALM BEACH CO.,1.75,JUPITER,1555,0,0,0,EST-5,,99,MFL,Public,,,,6,W,6,W,JUPITER,1555,26.9214,-80.1919
5/29/1979,PALM BEACH CO.,1.75,PALM BEACH GARDENS,1500,0,0,0,EST-5,,99,MFL,Social Media,,,,3,NW,3,NW,PALM BEACH GARDENS,1515,26.83,-80.1
8/23/1980,MIAMI-DADE CO.,1.75,ALADDIN CITY,1525,0,0,0,EST-5,,86,MFL,Social Media,,,,2,NW,2,NW,ALADDIN CITY,1525,25.5897,-80.4946
8/2/1999,MIAMI-DADE CO.,1.75,COCONUT GROVE,1520,0,3000,0,EST-5,,86,MFL,Trained Spotter,,,,1,WSW,1,WSW,COCONUT GROVE,1520,25.7277,-80.2583
5/26/2005,BROWARD CO.,1.75,MIRAMAR,1500,0,0,0,EST-5,,11,MFL,Trained Spotter,,,,5,NNE,5,NNE,MIRAMAR,1500,26.0663,-80.3771
5/26/2005,BROWARD CO.,1.75,MIRAMAR,1500,0,0,0,EST-5,,11,MFL,Public,,,,7,N,7,N,MIRAMAR,1510,26.1037,-80.3805
5/29/2005,BROWARD CO.,1.75,MIRAMAR,1500,0,0,0,EST-5,,11,MFL,Public,,,,4,ENE,4,ENE,MIRAMAR,1500,26.0287,-80.3513
9/28/2005,BROWARD CO.,1.75,MIRAMAR,1504,0,0,0,EST-5,,11,MFL,Public,,,,5,NNE,5,NNE,MIRAMAR,1504,26.0621,-80.3622
5/15/2006,GLADES CO.,1.75,LAKEPORT,1755,0,0,0,EST-5,,43,MFL,Law Enforcement,,,,19,NE,19,NE,LAKEPORT,1755,27.14,-80.89
2/28/2007,PALM BEACH CO.,1.75,(PBI)PALM BEACH ARPT,1035,0,0,0,EST-5,,99,MFL,Emergency Manager,,,,2,SW,2,SW,(PBI)PALM BEACH ARPT,1035,26.6578,-80.1678
2/28/2007,PALM BEACH CO.,1.75,HAVERHILL,1043,0,0,0,EST-5,,99,MFL,Trained Spotter,,,,2,NNE,2,NNE,HAVERHILL,1043,26.7065,-80.1113
5/5/2007,MIAMI-DADE CO.,1.75,BISCAYNE PARK,1505,0,0,0,EST-5,,86,MFL,Broadcast Media,,,,1,NE,1,NE,BISCAYNE PARK,1505,25.7818,-80.1367
5/19/2007,BROWARD CO.,1.75,LAUDERDALE LAKES,1445,0,0,0,EST-5,,11,MFL,Law Enforcement,,,,4,WNW,4,WNW,LAUDERDALE LAKES,1445,26.1667,-80.2565
7/23/2007,PALM BEACH CO.,1.75,DELRAY BEACH,1642,0,0,0,EST-5,,99,MFL,Trained Spotter,,,,1,SW,1,SW,DELRAY BEACH,1642,26.4615,-80.0794
3/6/2008,PALM BEACH CO.,1.75,DELRAY BEACH,1643,0,0,0,EST-5,,99,MFL,Trained Spotter,,,,1,WSW,1,WSW,DELRAY BEACH,1643,26.4618,-80.0888
5/24/2008,BROWARD CO.,1.75,COLLIER CITY,1735,0,0,0,EST-5,,11,MFL,Law Enforcement,,,,4,W,4,W,COLLIER CITY,1735,26.18,-80.2811
6/25/2008,MIAMI-DADE CO.,1.75,ALLAPATTAH,1605,0,0,0,EST-5,,86,MFL,Public,,,,1,N,1,N,ALLAPATTAH,1610,25.79,-80.22
5/26/2009,MIAMI-DADE CO.,1.75,HIALEAH GARDENS,1448,0,0,0,EST-5,,86,MFL,Public,,,,0,N,0,N,HIALEAH GARDENS,1455,25.85,-80.33
6/7/2009,PALM BEACH CO.,1.75,WELLINGTON,1535,0,0,0,EST-5,,99,MFL,Trained Spotter,,,,2,SW,2,SW,WELLINGTON,1535,26.65,-80.27
6/7/2009,PALM BEACH CO.,1.75,BOYNTON BEACH,1622,0,0,0,EST-5,,99,MFL,Trained Spotter,,,,5,WNW,5,WNW,BOYNTON BEACH,1622,26.5477,-80.1046
2/24/2010,BROWARD CO.,1.75,HACIENDA,1410,0,0,0,EST-5,,11,MFL,Trained Spotter,,,,1,NNE,1,NNE,HACIENDA,1410,26.13,-80.1139
3/29/2011,MIAMI-DADE CO.,1.75,HIALEAH,1340,0,0,0,EST,,86,MFL,GENERAL PUBLIC,,,,,,,,HIALEAH,1340,25.85,-80.2667
4/29/2011,MIAMI-DADE CO.,1.75,SWEET WATER,1515,0,0,0,EST,,86,MFL,GENERAL PUBLIC,,,,1,W,1,W,SWEET WATER,1515,25.76667,-80.3833
4/30/2011,MIAMI-DADE CO.,1.75,HIALEAH,1525,0,0,0,EST,,86,MFL,GENERAL PUBLIC,,,,,,,,HIALEAH,1525,25.85,-80.2667
6/12/2011,GLADES CO.,1.75,LAKEPORT,1810,0,0,0,EST,,43,MFL,GENERAL PUBLIC,,,,20,NE,20,NE,LAKEPORT,1810,27.17,-80.9
6/12/2011,BROWARD CO.,1.75,TAMARAC,1446,0,0,0,EST,,11,MFL,TRAINED SPOTTER,,,,,,,,TAMARAC,1446,26.16667,-80.1667
6/12/2011,MIAMI-DADE CO.,1.75,OPA LOCKA,1414,0,0,0,EST,,86,MFL,GENERAL PUBLIC,,,,,,,,OPA LOCKA,1414,25.91667,-80.2833
5/9/2012,PALM BEACH CO.,1.75,JUPITER,1845,0,0,0,EST,,99,MFL,TRAINED SPOTTER,,,,,,,,JUPITER,1900,26.93333,-80.1
6/15/2012,MIAMI-DADE CO.,1.75,KENDALL,2105,0,0,0,EST,,86,MFL,GENERAL PUBLIC,,,,,,,,KENDALL,2105,25.68333,-80.3167
6/15/2012,PALM BEACH CO.,1.75,JUNO BEACH,1434,0,0,0,EST,,99,MFL,EMERGENCY MANAGER,,,,,,,,JUNO BEACH,1445,26.86667,-80.05
6/15/2012,PALM BEACH CO.,1.75,DELRAY BEACH,1530,0,0,0,EST,,99,MFL,NEWSPAPER,,,,,,,,DELRAY BEACH,1530,26.47,-80.07
7/30/2012,HENDRY CO.,1.75,LA BELLE,1600,0,0,0,EST,,51,MFL,EMERGENCY MANAGER,,,,,,,,LA BELLE,1600,26.75,-81.43
4/4/2013,BROWARD CO.,1.75,MIRAMAR,1440,0,0,0,EST,,11,MFL,TRAINED SPOTTER,,,,,,,,MIRAMAR,1440,25.87,-80.35
4/4/2013,HENDRY CO.,1.75,CLEWISTON,1650,0,0,0,EST,,51,MFL,EMERGENCY MANAGER,,,,11,SW,11,SW,CLEWISTON,1650,26.63,-81.07
4/4/2013,BROWARD CO.,1.75,COUNTYWIDE,1611,0,0,0,EST,,11,MFL,NWS EMPLOYEE(OFF DUTY),,,,,,,,COUNTYWIDE,1640,26.13,-80.5
4/29/2013,HENDRY CO.,1.75,LA BELLE,1720,0,0,0,EST,,51,MFL,,,,,,,,,LA BELLE,1740,26.75,-81.43
5/9/2013,PALM BEACH CO.,1.75,BELLE GLADE,1920,0,0,0,EST,,99,MFL,,,,,,,,,BELLE GLADE,1930,26.68,-80.67
2/12/2014,PALM BEACH CO.,1.75,RIVIERA BEACH,1620,0,0,0,EST,,99,MFL,,,,,,,,,RIVIERA BEACH,1630,26.77,-80.05
6/8/2014,MIAMI-DADE CO.,1.75,PERRINE,1844,0,0,0,EST,,86,MFL,,,,,,,,,PERRINE,1900,25.6,-80.35
6/26/2014,COLLIER CO.,1.75,IMMOKALEE,1835,0,0,0,EST,,21,MFL,,,,,,,,,IMMOKALEE,1835,26.42,-81.42
6/26/2014,COLLIER CO.,1.75,NORTH NAPLES,1625,0,0,0,EST,,21,MFL,,,,,,,,,NORTH NAPLES,1625,26.23,-81.8
4/15/2016,GLADES CO.,1.75,Ortona,2138,0,0,0,EST,,43,,,,0,0,0,,0,,,2138,,
5/24/2016,HENDRY CO.,1.75,,1620,0,0,0,CST,,51,MIA,,,0,0,0,,0,,,1620,26.75,-80.93
5/24/2016,PALM BEACH CO.,1.75,,1730,0,0,0,CST,,99,PBI,,,0,0,0,,0,,,1730,26.68,-80.67
4/10/2018,BROWARD CO.,1.75,,1150,0,0,0,CST,,11,MIA,,,0,0,0,,0,,,1150,26.33,-80.13
5/14/2018,HENDRY CO.,1.75,,1750,0,0,0,CST,,51,MIA,,,0,0,0,,0,,,1750,26.75,-80.93
5/12/2019,BROWARD CO.,1.75,,2110,0,0,0,CST,,11,$MI,,,0,0,0,,0,,,2110,26.05,-80.53
5/15/2019,BROWARD CO.,1.75,,1540,0,0,0,CST,,11,MIA,,,0,0,0,,0,,,1540,26.13,-80.08
5/15/2019,BROWARD CO.,1.75,,1540,0,0,0,CST,,11,MIA,,,0,0,0,,0,,,1540,26.13,-80.53
5/16/2019,MIAMI-DADE CO.,1.75,,1200,0,0,0,CST,,86,MIA,,,0,0,0,,0,,,1200,25.6,-80.58
6/11/2019,MIAMI-DADE CO.,1.75,,1400,0,0,0,CST,,86,MIA,,,0,0,0,,0,,,1400,25.42,-80.62
5/21/2020,PALM BEACH CO.,1.75,,1325,0,0,0,CST,,99,AT,,,0,0,0,,0,,,1325,26.58,-80.05
5/21/2020,HENDRY CO.,1.75,,1100,0,0,0,CST,,51,AT,,,0,0,0,,0,,,1100,26.75,-81.43
5/21/2020,BROWARD CO.,1.75,,1510,0,0,0,CST,,11,NG,,,0,0,0,,0,,,1510,26.02,-80.15
5/27/2020,MIAMI-DADE CO.,1.75,,1343,0,0,0,CST,,86,T,,,0,0,0,,0,,,1343,25.75,-80.25
7/5/2020,BROWARD CO.,1.75,,1300,0,0,0,CST,,11,AT,,,0,0,0,,0,,,1300,26.13,-80.53
4/11/2021,MIAMI-DADE CO.,1.75,,1300,0,0,0,CST,,86,AT,,,0,0,0,,0,,,1300,25.6,-80.58
5/13/2021,MIAMI-DADE CO.,1.75,,1635,0,0,0,CST,,86,T,,,0,0,0,,0,,,1635,25.67,-80.43
3/20/2022,MIAMI-DADE CO.,1.75,,1410,0,0,0,CST,,86,NG,,,0,0,0,,0,,,1410,25.6,-80.58
4/4/2022,BROWARD CO.,1.75,,1600,0,0,0,CST,,11,AT,,,0,0,0,,0,,,1600,26.13,-80.53
4/4/2022,BROWARD CO.,1.75,,1610,0,0,0,CST,,11,T,,,0,0,0,,0,,,1610,26.07,-80.23
4/4/2022,MIAMI-DADE CO.,1.75,,523,0,0,0,CST,,86,NG,,,0,0,0,,0,,,523,25.72,-80.25
5/13/2022,BROWARD CO.,1.75,,1415,0,0,0,CST,,11,T,,,0,0,0,,0,,,1415,26.13,-80.17
5/29/2022,COLLIER CO.,1.75,,930,0,0,0,CST,,21,NG,,,0,0,0,,0,,,930,26.42,-81.42
4/17/2023,PALM BEACH CO.,1.75,,1130,0,0,0,CST,,99,NG,,,0,0,0,,0,,,1130,26.68,-80.05
4/26/2023,PALM BEACH CO.,1.75,,1150,0,0,0,CST,,99,NG,,,0,0,0,,0,,,1150,26.97,-80.45
4/26/2023,MIAMI-DADE CO.,1.75,,1255,0,0,0,CST,,86,NG,,,0,0,0,,0,,,1255,25.93,-80.27
4/27/2023,BROWARD CO.,1.75,,1630,0,0,0,CST,,11,ATA,,,0,0,0,,0,,,1630,26.15,-80.17
4/29/2023,MIAMI-DADE CO.,1.75,,1150,0,0,0,CST,,86,NG,,,0,0,0,,0,,,1150,25.77,-80.2
4/29/2023,PALM BEACH CO.,1.75,,1300,0,0,0,CST,,99,,,,0,0,0,,0,,,1300,26.68,-80.67
6/3/2023,MIAMI-DADE CO.,1.75,,1315,0,0,0,CST,,86,,,,,0,0,0,,0,,,1315,25.77
6/3/2023,BROWARD CO.,1.75,,1130,0,0,0,CST,,11,,,,0,0,0,,0,,,1130,26.02,-80.2
6/3/2023,PALM BEACH CO.,1.75,,1415,0,0,0,CST,,99,,,,0,0,0,,0,,,1415,26.7,-80.28
6/3/2023,MIAMI-DADE CO.,1.75,,1450,0,0,0,CST,,86,,,,0,0,0,,0,,,1450,25.93,-80.27
6/23/2023,BROWARD CO.,1.75,,1745,0,0,0,CST,,11,,,,0,0,0,,0,,,1745,26.02,-80.2
8/17/2023,PALM BEACH CO.,1.75,,1405,0,0,0,CST,,99,,,,0,0,0,,0,,,1405,26.7,-80.28
3/3/2024,BROWARD CO.,1.75,,1600,0,0,0,CST,,11,,,,0,0,0,,0,,,1600,26.1,-80.28
3/3/2024,PALM BEACH CO.,1.75,,1630,0,0,0,CST,,99,,,,0,0,0,,0,,,1630,26.5,-80.08
5/21/2024,PALM BEACH CO.,1.75,,1300,0,0,0,CST,,99,,,,0,0,0,,0,,,1300,26.7,-80.08
2/10/1983,HENDRY CO.,2,LA BELLE,1440,0,0,0,EST-5,,51,MFL,Broadcast Media,,,,1,NW,1,NW,LA BELLE,1440,26.76,-81.44
2/13/1995,PALM BEACH CO.,2,HYPOLUXO,1711,0,0,0,EST-5,,99,MFL,Trained Spotter,,,,3,WSW,6,W,DELRAY BEACH,1729,26.55,-80.09
7/8/1999,MIAMI-DADE CO.,2,CORAL WAY VLG,1420,0,0,0,EST-5,,86,MFL,Public,,,,1,ESE,1,ESE,CORAL WAY VLG,1420,25.7408,-80.2797
4/30/2011,MIAMI-DADE CO.,2,MIAMI BEACH,1610,0,0,0,EST,,86,MFL,GENERAL PUBLIC,,,,,,,,MIAMI BEACH,1610,25.8,-80.1167
6/11/2014,MIAMI-DADE CO.,2,SOUTH MIAMI,1845,0,0,0,EST,,86,MFL,,,,,,,,,SOUTH MIAMI,1900,25.7,-80.28
3/29/2016,BROWARD CO.,2,E Part,1235,1,0,0,EST,,11,,,,0,0,0,,0,,,1250,,
3/3/2024,PALM BEACH CO.,2,,1400,0,0,0,CST,,99,,,,0,0,0,,0,,,1400,26.78,-80.68
5/21/2024,PALM BEACH CO.,2,,1400,0,0,0,CST,,99,,,,0,0,0,,0,,,1400,26.88,-80.18
5/28/2024,BROWARD CO.,2,,1400,0,0,0,CST,,11,,,,0,0,0,,0,,,1400,26.1,-80.18
5/21/1999,HENDRY CO.,2.75,KERI,1648,0,0,0,EST-5,,51,MFL,Law Enforcement,,,,18,ESE,18,ESE,KERI,1648,26.4583,-81.1248
4/15/2016,HENDRY CO.,2.75,Clewiston,2215,0,0,0,EST,,51,,,,0,0,0,,44,W,PBI,2215,,
7/2/2020,BROWARD CO.,2.75,,1400,0,0,0,CST,,11,T,,,0,0,0,,0,,,1400,26.05,-80.17
5/15/2000,MIAMI-DADE CO.,3,COCONUT GROVE,1520,0,0,0,EST-5,,86,MFL,Broadcast Media,,,,1,W,1,W,COCONUT GROVE,1520,25.73,-80.27
4/4/2022,BROWARD CO.,3,,1620,0,0,0,CST,,11,T,,,0,0,0,,0,,,1620,26.13,-80.13
5/19/2024,MIAMI-DADE CO.,4,,1100,0,0,0,CST,,86,,,,0,0,0,,0,,,1100,25.78,-80.18